n1,n2,loan_id,user,market,collateral_deposited,went_below_sl,went_into_sl,sl_max_depth,went_below_then_above_sl,into_then_above_sl,time_in_sl,time_below_sl,total_loan_time,initial_debt,loan_start_time,loan_start_block,loan_end_time,loan_end_block,should_be_liquidated,end_debt
-1,8,7,0x63Fe1742192f07D67739cc0f091645a2A50804E1,0x8472A9A7632b173c8Cf3a86D3afec50c35548e76,50.84658761808595,True,True,1.0,True,True,978432,158400,1209372,82544.8169688209,1686208391,17434331,1687417763,17533883,False,80723.58782528683
-5,4,2,0xF9A2Fa22CB7Df26E3a10622C696f37fC345c6239,0x8472A9A7632b173c8Cf3a86D3afec50c35548e76,103.70568604695814,True,True,1.0,True,True,2896848,734400,3900996,176963.28578239967,1685369975,17365489,1689270971,17686496,False,169731.90172260196
2,6,1,0x7c0025cf87140a6ddf1506CC981b3D700525B503,0x8472A9A7632b173c8Cf3a86D3afec50c35548e76,0.9753339758199309,True,True,1.0,True,True,777600,158400,1412424,1583.775078452611,1685994083,17416744,1687406507,17532955,False,1436.6918989207502
-5,4,4,0x7a16fF8270133F063aAb6C9977183D9e72835428,0x8472A9A7632b173c8Cf3a86D3afec50c35548e76,929.9339097091402,True,True,1.0,True,True,2956728,734400,3960804,1552603.3669322212,1685310095,17360555,1689270899,17686490,False,1427040.3319189837
-3,6,3,0xC62eECc24cb6E84dA2409e945Ddcf7386118c57a,0x8472A9A7632b173c8Cf3a86D3afec50c35548e76,32.67013664024512,True,True,1.0,True,True,2390544,158400,4276932,54657.01617012078,1685660279,17389354,1689937211,17741376,False,51460.635805873986
-5,4,2,0xe81b85CD6903dECCFeA9c4d3Fa87D29BF02e5Cc0,0x8472A9A7632b173c8Cf3a86D3afec50c35548e76,50.4579065179335,True,True,1.0,True,True,1762392,734400,2741592,86149.94572840686,1685878511,17407277,1688620103,17632924,False,78417.91372639078
-1,2,5,0x2608885D09780ebdA5CBd90E3a564f6af5A2b128,0x8472A9A7632b173c8Cf3a86D3afec50c35548e76,5.112910986583873,True,True,1.0,True,True,446400,921600,2849016,8629.427170736268,1685648195,17388365,1688497211,17622793,False,8233.814132555775
4,7,3,0xf1cE58c7eEE3208388Cea3EF0F5b2C17847351Cf,0x8472A9A7632b173c8Cf3a86D3afec50c35548e76,11.729139157065056,True,True,1.0,True,True,717360,158400,1941348,18856.87520230258,1686383063,17448669,1688324411,17608561,False,16628.72119779733
4,7,11,0xb04E51DF952Ed99e57367b99790FADF525413D40,0x8472A9A7632b173c8Cf3a86D3afec50c35548e76,70.87407726688,True,True,1.0,True,True,720816,158400,1190640,12861.562383684866,1686384971,17448823,1687575611,17546878,False,11886.536690509616
1,4,3,0x7B820a9e6c5A9d1344076B4B410FFB92741e7Fb0,0x8472A9A7632b173c8Cf3a86D3afec50c35548e76,44.1338011716224,True,True,1.0,True,True,228228,736572,1075620,73069.38956937891,1686341591,17445260,1687417211,17533837,False,66912.36218163921
-1,8,2,0x7a16fF8270133F063aAb6C9977183D9e72835428,0x100dAa78fC509Db39Ef7D04DE0c1ABD299f4C6CE,305.26862922580375,True,True,1.0,True,True,983856,158400,1214256,551479.9766407766,1686259643,17438530,1687473899,17538503,False,531180.950087086
-3,6,4,0x7a16fF8270133F063aAb6C9977183D9e72835428,0x100dAa78fC509Db39Ef7D04DE0c1ABD299f4C6CE,305.26862922580375,True,True,1.0,True,True,4150980,5702400,10278480,530077.9888888352,1689270851,17686486,1699549331,18535750,False,495770.524148702
-32,-29,6,0x8B2B45eA8d497cDB8D6B23aD570B9D815252bB9D,0x100dAa78fC509Db39Ef7D04DE0c1ABD299f4C6CE,31.198613672737338,True,True,1.0,True,True,720000,1929600,3573276,79964.77843747978,1704948467,18981408,1708521743,19276299,False,3134.8988012257287
-58,-55,3,0xfEe1dCAf98c023e906edC9C6D75bb8bB1763aa00,0x100dAa78fC509Db39Ef7D04DE0c1ABD299f4C6CE,2.4,True,True,1.0,True,True,564996,3700800,23057556,8418.378665655926,1710534935,19442762,1733592491,21352102,False,8639.116633450798
-2,1,3,0x120a2d412144C323d5D76Ea793a87e09c8c773B5,0x100dAa78fC509Db39Ef7D04DE0c1ABD299f4C6CE,2.0052240288955656,True,True,1.0,True,True,3532296,6497988,34556328,3699.788036544917,1688301779,17606689,1722858107,20462431,False,2362.6239792226306
-3,6,1,0xbc316835540651f30479C385362ddEcE8631B5b8,0x100dAa78fC509Db39Ef7D04DE0c1ABD299f4C6CE,0.4185172854466759,True,True,1.0,True,True,5391420,5702400,49743420,773.2443704071279,1687688591,17556170,1737432011,21670336,False,847.2140582148144
10,13,2,0xE5a1AE8D954b81FD18CF2311af452142d9a7a54E,0x100dAa78fC509Db39Ef7D04DE0c1ABD299f4C6CE,0.27345986565730135,True,True,1.0,True,True,835200,964800,41432640,456.52492328518247,1695999371,18242400,1737432011,21670336,False,567.9781953670137
-2,1,1,0xEf051367Dd5d4f91983172170eF8c1E88F004408,0x100dAa78fC509Db39Ef7D04DE0c1ABD299f4C6CE,0.03540780164747729,True,True,1.0,True,True,3915108,6497988,49667496,66.08,1687764515,17562414,1737432011,21670336,False,74.2170531834915
-2,1,1,0xe5CfAD1C6977fCF1939Dd78015feb02f194f8B0e,0x100dAa78fC509Db39Ef7D04DE0c1ABD299f4C6CE,0.03540780164747729,True,True,1.0,True,True,3915108,6497988,49667496,66.08,1687764515,17562414,1737432011,21670336,False,74.2170531834915
0,3,1,0xB84c9AFd863A732998c24301Ba4cF004d09a95C6,0x100dAa78fC509Db39Ef7D04DE0c1ABD299f4C6CE,15.0,True,True,1.0,True,True,2800920,5832000,14002284,27441.0,1687808447,17566028,1701810731,18722743,False,44645.64282339864
-29,-26,3,0x8402Fd14A48e4aC8bAd29b51Eb2D465b1BD1639f,0x100dAa78fC509Db39Ef7D04DE0c1ABD299f4C6CE,5.647377612138528,True,True,1.0,True,True,856620,7189248,18888192,14580.899825304326,1713280271,19669147,1732168463,21234147,False,12439.705916682979
-3,0,3,0xEC876b9d81eD4a18F248f9C8d24306a72f1339Fe,0x100dAa78fC509Db39Ef7D04DE0c1ABD299f4C6CE,61.922309858531165,True,True,0.7365045321011426,True,True,1134972,57600,1554948,116704.51468952086,1687722251,17558941,1689277199,17687011,False,111033.6528632568
0,3,5,0xEC876b9d81eD4a18F248f9C8d24306a72f1339Fe,0x100dAa78fC509Db39Ef7D04DE0c1ABD299f4C6CE,69.86425848080565,True,True,1.0,True,True,2478996,5832000,12532356,120443.53612696992,1689795683,17729681,1702328039,18765470,False,80370.22161104096
11,14,2,0xa3644981952E61AcfAE9D8f8a03Da386a70b8eE2,0x100dAa78fC509Db39Ef7D04DE0c1ABD299f4C6CE,11.751998576274483,True,True,1.0,True,True,3190944,1065600,4973988,19378.001613003387,1693111091,18003966,1698085079,18415001,False,6839.866803224361
10,13,2,0xc2eA469CF3464EB7fb26821c1547AFC3314760fA,0x100dAa78fC509Db39Ef7D04DE0c1ABD299f4C6CE,21.403101480248992,True,True,1.0,True,True,3447504,1713600,9621852,20955.0,1692435371,17948067,1702057223,18743090,False,23617.14617197957
-2,1,1,0x6b141F3a77Bce95fddD955eCF6653B2E98344Bd7,0x100dAa78fC509Db39Ef7D04DE0c1ABD299f4C6CE,8.471979212153563,True,True,1.0,True,True,2943228,6497988,19283172,15839.0,1689240395,17683981,1708523567,19276451,False,22246.023754978716
-64,-61,4,0x6b141F3a77Bce95fddD955eCF6653B2E98344Bd7,0x100dAa78fC509Db39Ef7D04DE0c1ABD299f4C6CE,8.471979212153563,True,True,1.0,True,True,1580400,9590400,13132368,28029.717514183387,1709737643,19376923,1722870011,20463419,False,22605.11448914274
1,4,1,0x81e9457a8E9B2e5ed83C582465CeF41aF638f5ba,0x100dAa78fC509Db39Ef7D04DE0c1ABD299f4C6CE,19.178554400126693,True,True,1.0,True,True,1423416,5817600,20015724,34867.956835070094,1690902011,17821206,1710917735,19474266,False,23000.0
10,13,4,0xbA6294C1823222953f28387ec70BAb6973236686,0x100dAa78fC509Db39Ef7D04DE0c1ABD299f4C6CE,21.87797718961928,True,True,1.0,True,True,3326028,1713600,9626796,36426.823355740926,1692428795,17947523,1702055591,18742956,False,39247.831079649884
-32,-29,2,0xC33C69DdBA3970b021FF54581c0748eE135BF66e,0x100dAa78fC509Db39Ef7D04DE0c1ABD299f4C6CE,15.989378354669526,True,True,1.0,True,True,720000,1929600,3573528,42103.58380515129,1704948887,18981443,1708522415,19276355,False,4589.916840006625
-27,-18,26,0x1198F679f78738B4290aaC5ae3A5AC4d0FB3e8BA,0x100dAa78fC509Db39Ef7D04DE0c1ABD299f4C6CE,24.916880713382614,True,True,1.0,True,True,1483200,187200,2376708,49547.18046370791,1705431263,19021369,1707807971,19217497,False,47727.67045864361
-2,1,3,0x4914aA190AE4E4Ae77E91F5d568F8Cb463174d5D,0x100dAa78fC509Db39Ef7D04DE0c1ABD299f4C6CE,5.445138565088647,True,True,1.0,True,True,3825852,6497988,14168136,10265.21670316828,1687853783,17569761,1702021919,18740168,False,10146.611984445
-20,-17,6,0x4914aA190AE4E4Ae77E91F5d568F8Cb463174d5D,0x100dAa78fC509Db39Ef7D04DE0c1ABD299f4C6CE,5.445138565088647,True,True,1.0,True,True,767544,38856,2460948,11169.88318096992,1705611587,19036287,1708072535,19239312,False,11792.356791560265
4,7,3,0xEc4aCD7C1D7E24bD47DBdef8B6D4aD117185863F,0x100dAa78fC509Db39Ef7D04DE0c1ABD299f4C6CE,20.176858615043365,True,True,1.0,True,True,544776,244800,1338828,35708.66235775609,1686512447,17459295,1687851275,17569557,False,33872.37180075881
4,7,3,0xC0B9Bb62c3e793fb63A1488CE1D2bBaD5aF25E42,0x100dAa78fC509Db39Ef7D04DE0c1ABD299f4C6CE,25.59346948307543,True,True,1.0,True,True,537756,251772,1338924,45306.97051589491,1686512495,17459299,1687851419,17569569,False,42964.599217188224
4,7,3,0x097fE8778C03aD6ac6861ea4927a7eB42b7f78CF,0x100dAa78fC509Db39Ef7D04DE0c1ABD299f4C6CE,22.748836092200115,True,True,1.0,True,True,544680,244800,1339044,40261.277508310945,1686512543,17459303,1687851587,17569583,False,38190.019131803114
4,7,3,0x51764EAb6672b3279f85428324dd64a3c2065D18,0x100dAa78fC509Db39Ef7D04DE0c1ABD299f4C6CE,28.398254013412622,True,True,1.0,True,True,544440,244800,1338900,50263.53118315439,1686512783,17459323,1687851683,17569591,False,47673.53282972604
4,7,3,0x0594deA6aD7A6Afb0657DE956F7dC9039a96cbDf,0x100dAa78fC509Db39Ef7D04DE0c1ABD299f4C6CE,24.918918991311376,True,True,1.0,True,True,544404,244800,1338972,44106.57173022798,1686512819,17459326,1687851791,17569599,False,41832.719833997624
4,7,3,0x15739dd2F017EF743f2C3d7F9df1eE160EF3815D,0x100dAa78fC509Db39Ef7D04DE0c1ABD299f4C6CE,17.84299779735437,True,True,1.0,True,True,534936,254340,6258072,31579.209773369952,1686512747,17459320,1692770819,17975812,False,37100.0
4,7,3,0x156F74DD2A95C5d8148E7706488aE641D8D2eB83,0x100dAa78fC509Db39Ef7D04DE0c1ABD299f4C6CE,26.846596483216164,True,True,1.0,True,True,548064,241812,6636276,47521.24863746589,1686512147,17459270,1693148423,18007051,False,25660.0
11,16,4,0x156F74DD2A95C5d8148E7706488aE641D8D2eB83,0x100dAa78fC509Db39Ef7D04DE0c1ABD299f4C6CE,17.428196259754344,True,True,1.0,True,True,7347996,28800,1890660,25660.0,1693148423,18007051,1695039083,18163031,False,23183.181397790097
-4,-1,24,0x653aED4503e3a3F060C744fE85DC780CE549D3C3,0x100dAa78fC509Db39Ef7D04DE0c1ABD299f4C6CE,28.393142117629516,True,True,1.0,True,True,2375100,8462964,11082600,54610.2209907193,1688483711,17621675,1699566311,18537155,False,51401.561969482405
-10,-7,25,0x653aED4503e3a3F060C744fE85DC780CE549D3C3,0x100dAa78fC509Db39Ef7D04DE0c1ABD299f4C6CE,28.393142117629516,True,True,1.0,True,True,691200,158400,2112984,51401.561969482405,1699566311,18537155,1701679295,18711873,False,51133.80402766337
-18,-15,26,0x653aED4503e3a3F060C744fE85DC780CE549D3C3,0x100dAa78fC509Db39Ef7D04DE0c1ABD299f4C6CE,28.393142117629516,True,True,1.0,True,True,532800,14400,1778340,51133.80402766337,1701679295,18711873,1703457635,18858660,False,47479.0459386422
-33,-30,29,0x653aED4503e3a3F060C744fE85DC780CE549D3C3,0x100dAa78fC509Db39Ef7D04DE0c1ABD299f4C6CE,28.393142117629516,True,True,1.0,True,True,604800,2160000,3633132,52829.118768893495,1704984083,18984344,1708617215,19284161,False,55366.38271073698
4,7,3,0xDa1dCA25F2AfF335EF97b6506530FeB020374054,0x100dAa78fC509Db39Ef7D04DE0c1ABD299f4C6CE,3.1509358136328323,True,True,1.0,True,True,230400,5601600,14477388,5606.490104536386,1690708427,17805182,1705185815,19001027,False,11348.35586646463
1,4,2,0x1645Fe8C025A9E2169D709dd09836f4d53396A3E,0x100dAa78fC509Db39Ef7D04DE0c1ABD299f4C6CE,9.230417967872777,True,True,1.0,True,True,1472400,5817600,8996856,16776.493565048208,1690087955,17753850,1699084811,18497344,False,6064.690546013061
-57,-54,4,0x370C9870c9d7659a854831E0447febC340FdaED5,0x4e59541306910aD6dC1daC0AC9dFB29bD9F15c67,10.0000069,True,True,1.0,True,True,576000,302400,2160216,523052.2092572797,1719656303,20196996,1721816519,20376073,False,546767.35688623
-54,-51,5,0x8876B3271DC005fFE3E103A069672F9ED89ba200,0x4e59541306910aD6dC1daC0AC9dFB29bD9F15c67,3.61538409,True,True,1.0,True,True,777444,446556,2019936,57524.694592667984,1724817383,20624839,1726837319,20792266,False,84385.53674431666
-61,-58,7,0x8876B3271DC005fFE3E103A069672F9ED89ba200,0x4e59541306910aD6dC1daC0AC9dFB29bD9F15c67,4.11088132,True,True,1.0,True,True,832140,345600,2611536,85432.50578517753,1727682671,20862386,1730294207,21078699,False,136853.36454186862
-71,-68,8,0x8876B3271DC005fFE3E103A069672F9ED89ba200,0x4e59541306910aD6dC1daC0AC9dFB29bD9F15c67,4.86071491,True,True,1.0,True,True,345600,129600,576216,136853.36454186862,1730294207,21078699,1730870423,21126483,False,144366.0231110161
-102,-99,14,0x8876B3271DC005fFE3E103A069672F9ED89ba200,0x4e59541306910aD6dC1daC0AC9dFB29bD9F15c67,4.99570627,True,True,1.0,True,True,935256,216000,1377708,188271.43979094297,1732263155,21241999,1733640863,21356110,False,100594.6254211149
-104,-101,69,0xe0d9d9dB35830B3e24Bea8cB064003bF4F157433,0x4e59541306910aD6dC1daC0AC9dFB29bD9F15c67,4.79835764,True,True,1.0,True,True,489600,2088000,3080652,127773.16526663766,1734331859,21413400,1737412511,21668724,False,115336.15876449044
-72,-69,23,0xA05fe74fb4fBb6c0dFb213C8aF532286f473E0C4,0x4e59541306910aD6dC1daC0AC9dFB29bD9F15c67,0.33859774,True,True,0.9948564051004417,True,True,36816,6384,102996,17368.9,1709628227,19367846,1709731223,19376389,False,15376.404902654776
-69,-66,2,0xDb2e1424224eB8984E94F9c133efc4ea369A9e7F,0x4e59541306910aD6dC1daC0AC9dFB29bD9F15c67,2.03022697,True,True,1.0,True,True,699672,100800,4067100,114081.19475034579,1709689151,19372902,1713756251,19708533,False,93419.74120199167
-78,-75,3,0xdce21A3AdFBdb23Db3911dF3C624821b991F06f1,0x4e59541306910aD6dC1daC0AC9dFB29bD9F15c67,2.49935301,True,True,1.0,True,True,2188080,18320400,21011268,154362.76344975232,1710262451,19420319,1731273719,21159927,False,118232.67366371714
-71,-68,7,0xE8fdC1E580BAd44f672BC62ee11e3C8214a3a4fF,0x4e59541306910aD6dC1daC0AC9dFB29bD9F15c67,0.67856309,True,True,0.7375854356924038,True,True,41388,1812,262692,38879.96631884575,1709559659,19362159,1709822351,19383946,False,42800.64385252117
-81,-78,10,0xE8fdC1E580BAd44f672BC62ee11e3C8214a3a4fF,0x4e59541306910aD6dC1daC0AC9dFB29bD9F15c67,1.17856309,True,True,1.0,True,True,961080,19846920,27073296,72583.49665388322,1710416315,19433002,1737489611,21675111,False,67506.43554715213
6,9,3,0xA79dcC39b4e7c647939112B68fB2f3dF3E988647,0x4e59541306910aD6dC1daC0AC9dFB29bD9F15c67,2.10770364,True,True,1.0,True,True,662400,4881600,5736456,53778.288397218894,1692095879,17919993,1697832335,18394104,False,51542.531687796705
-34,-31,30,0xA79dcC39b4e7c647939112B68fB2f3dF3E988647,0x4e59541306910aD6dC1daC0AC9dFB29bD9F15c67,2.88046796,True,True,1.0,True,True,1569528,1133604,3296712,97698.54235887628,1704222683,18921691,1707519395,19193686,False,77355.12276422957
2,5,2,0x66ecb0E187251d38F506bbD16Bf5C370CfB28b2B,0x4e59541306910aD6dC1daC0AC9dFB29bD9F15c67,1.69221034,True,True,1.0,True,True,2707200,5745600,10817892,44847.85009365456,1689306215,17689406,1700124107,18583321,False,51156.97248433684
-100,-97,6,0x494FBCf6AB69609732B4c97462FAc7f7cb717015,0x4e59541306910aD6dC1daC0AC9dFB29bD9F15c67,0.75449278,True,True,1.0,True,True,705708,72000,1545060,63855.60487828545,1732170179,21234290,1733715239,21362281,False,58913.44648231596
-97,-94,9,0x494FBCf6AB69609732B4c97462FAc7f7cb717015,0x4e59541306910aD6dC1daC0AC9dFB29bD9F15c67,0.75449278,True,True,1.0,True,True,1094412,28800,2733792,58099.708036421725,1734755819,21448540,1737489611,21675111,False,53403.864123708736
-73,-70,14,0xd90B100fb849589fEE08FD53a030Aa815EdBa632,0x4e59541306910aD6dC1daC0AC9dFB29bD9F15c67,0.1339483,True,True,1.0,True,True,201540,417660,640200,8591.78642260583,1730231867,21073531,1730872067,21126619,False,8007.485022411301
-99,-96,27,0xd90B100fb849589fEE08FD53a030Aa815EdBa632,0x4e59541306910aD6dC1daC0AC9dFB29bD9F15c67,0.45332767,True,True,0.9474054799957675,True,True,417600,43200,895536,37460.11059207614,1732475735,21259630,1733371271,21333774,False,35461.47895150838
-105,-102,33,0xd90B100fb849589fEE08FD53a030Aa815EdBa632,0x4e59541306910aD6dC1daC0AC9dFB29bD9F15c67,0.55295199,True,True,1.0,True,True,417588,2318400,2990280,45828.23693501665,1734499331,21427300,1737489611,21675111,False,31726.75909042396
-17,-14,2,0xacE170728441ef0D0D205AFb2F96774C93674c7E,0x4e59541306910aD6dC1daC0AC9dFB29bD9F15c67,1.74444504,True,True,0.9918552427304441,True,True,162792,14400,988104,39726.34291978811,1699530239,18534168,1700518343,18615894,False,29000.0
-33,-30,4,0xacE170728441ef0D0D205AFb2F96774C93674c7E,0x4e59541306910aD6dC1daC0AC9dFB29bD9F15c67,1.73608071,True,True,1.0,True,True,633876,28800,883596,45468.6046940054,1703427215,18856145,1704310811,18928966,False,40634.76820803471
-64,-61,2,0xBe0100Cacb97F3f728F55548AA914bF90E14A501,0x4e59541306910aD6dC1daC0AC9dFB29bD9F15c67,0.1201883,True,True,1.0,True,True,231816,201600,1070856,6623.435602319004,1714331135,19756084,1715401991,19844727,False,11354.0
-53,-50,1,0x8bc11730A57A8d51df6bd5F5ed0d945e7b338190,0x4e59541306910aD6dC1daC0AC9dFB29bD9F15c67,0.5158508,True,True,1.0,True,True,244800,14400,1736004,25807.0,1718786543,20124960,1720522547,20268772,False,19314.83652308747
-48,-45,4,0x7c41fD9F29a0dC252696789Fc21d2802a6d6DAbC,0x4e59541306910aD6dC1daC0AC9dFB29bD9F15c67,0.71506839,True,True,1.0,True,True,49356,37044,332448,34793.67553738161,1722589139,20440119,1722921587,20467695,False,16065.279599777758
-72,-69,7,0xCCf8e5d5e5E63e1A1dA296B3B95936edbE061CE7,0x4e59541306910aD6dC1daC0AC9dFB29bD9F15c67,1.86398512,True,True,1.0,True,True,345600,100800,1296780,107187.34250529097,1710095663,19406515,1711392443,19513354,False,101701.09495133975
-76,-73,8,0xCCf8e5d5e5E63e1A1dA296B3B95936edbE061CE7,0x4e59541306910aD6dC1daC0AC9dFB29bD9F15c67,1.86398512,True,True,1.0,True,True,532800,242604,8704164,101701.09495133975,1711392443,19513354,1720096607,20233491,False,10000.0
-28,-25,1,0xa109C003723682Df43c3EFf2359EF42aea458052,0x4e59541306910aD6dC1daC0AC9dFB29bD9F15c67,0.05,True,True,1.0,True,True,590400,302400,6098292,1835.0,1701843755,18725468,1707942047,19228540,False,2121.850837551259
-48,-45,2,0xa109C003723682Df43c3EFf2359EF42aea458052,0x4e59541306910aD6dC1daC0AC9dFB29bD9F15c67,0.05,True,True,1.0,True,True,619200,28800,28599060,2121.850837551259,1707942047,19228540,1736541107,21596483,False,2191.384520870458
-97,-94,1,0x60500b463dfA7d216EE315C18E33E7F12D8C7Fe7,0x4e59541306910aD6dC1daC0AC9dFB29bD9F15c67,0.15986248,True,True,1.0,True,True,489600,28800,1198548,13609.0,1736114879,21561157,1737313427,21660501,False,13626.18026592515
-51,-48,16,0x1389b6B56a00f18EaB28E3668B21aCeAde3F8fEf,0x4e59541306910aD6dC1daC0AC9dFB29bD9F15c67,0.54757777,True,True,1.0,True,True,360000,230400,1017840,25872.45827215141,1725128675,20650623,1726146515,20735030,False,24979.785955729978
-70,-67,7,0x98d08213546e292e26ffcD954D2441f6Ac5aD7f0,0x4e59541306910aD6dC1daC0AC9dFB29bD9F15c67,0.82549131,True,True,1.0,True,True,1536828,1443984,6392376,47307.56601234676,1709618543,19367044,1716010919,19895114,False,29022.976413534714
-47,-44,13,0x98d08213546e292e26ffcD954D2441f6Ac5aD7f0,0x4e59541306910aD6dC1daC0AC9dFB29bD9F15c67,0.83412915,True,True,1.0,True,True,72000,14400,4289748,29000.863902033714,1719239087,20162419,1723528835,20518074,False,27350.815726108805
-54,-51,7,0xbd5E0a1070a86EeBCC849818f2670bfA949608AF,0x4e59541306910aD6dC1daC0AC9dFB29bD9F15c67,4.07199788,True,True,1.0,True,True,777444,446556,2020272,74704.69845847099,1724817263,20624829,1726837535,20792284,False,102407.06828151432
-61,-58,9,0xbd5E0a1070a86EeBCC849818f2670bfA949608AF,0x4e59541306910aD6dC1daC0AC9dFB29bD9F15c67,4.58636049,True,True,1.0,True,True,832344,345600,2611272,103695.93819543501,1727682467,20862369,1730293739,21078660,False,157715.49787758247
-72,-69,10,0xbd5E0a1070a86EeBCC849818f2670bfA949608AF,0x4e59541306910aD6dC1daC0AC9dFB29bD9F15c67,5.33790536,True,True,1.0,True,True,269472,230400,576420,157715.49787758247,1730293739,21078660,1730870159,21126461,False,162645.1460607253
-102,-99,16,0xbd5E0a1070a86EeBCC849818f2670bfA949608AF,0x4e59541306910aD6dC1daC0AC9dFB29bD9F15c67,5.47180293,True,True,1.0,True,True,1165740,216000,1892304,212101.4511008289,1732263071,21241992,1734155375,21398769,False,125040.10928679156
-72,-69,6,0x5c42069E15532DAA42912Cd5ccCCd99fDdAA81Fd,0x4e59541306910aD6dC1daC0AC9dFB29bD9F15c67,1.17361165,True,True,0.9948563939160349,True,True,30624,9444,560772,67950.24742334307,1709658455,19370355,1710219227,19416740,False,64999.110893184385
-59,-56,18,0x595b736e58F50Fc15373732C1fAB56d6E043Aef6,0x4e59541306910aD6dC1daC0AC9dFB29bD9F15c67,1.06028972,True,True,1.0,True,True,388800,28800,895044,57445.60011777706,1728296543,20913354,1729191587,20987531,False,55143.46419515303
-100,-97,36,0x595b736e58F50Fc15373732C1fAB56d6E043Aef6,0x4e59541306910aD6dC1daC0AC9dFB29bD9F15c67,1.50110835,True,True,1.0,True,True,691308,72000,1216572,121970.64898870062,1732174019,21234609,1733390591,21335373,False,102328.16365448596
-61,-58,7,0xbFB232dA8f44A1cd88B2aA08a32B0FEE4D2320F6,0x4e59541306910aD6dC1daC0AC9dFB29bD9F15c67,0.11349186,True,True,1.0,True,True,835200,345600,1637484,2446.809211445014,1727385791,20837751,1729023275,20973578,False,2260.5052442643632
-100,-97,24,0xbFB232dA8f44A1cd88B2aA08a32B0FEE4D2320F6,0x4e59541306910aD6dC1daC0AC9dFB29bD9F15c67,0.25379047,True,True,1.0,True,True,820908,72000,2205516,9246.526682832442,1732174211,21234625,1734379727,21417374,False,9374.013730435941
-64,-61,7,0x182a7F01e38F9e86b2A5ECe23036E621b717a731,0x4e59541306910aD6dC1daC0AC9dFB29bD9F15c67,6.01100786,True,True,1.0,True,True,229260,201600,2149116,323400.0,1713044567,19649684,1715193683,19827488,False,290637.82949985313
-53,-50,3,0xd2D9f2430d253344A422891854909042aa3C5Ae4,0x4e59541306910aD6dC1daC0AC9dFB29bD9F15c67,0.47529299,True,True,1.0,True,True,670320,316800,4537428,24685.98923128704,1725002963,20640205,1729540391,21016470,False,15000.0
-71,-68,27,0x823Dafe1FcDd9e36387AFB542497e837c85B50F4,0x4e59541306910aD6dC1daC0AC9dFB29bD9F15c67,2.02297209,True,True,1.0,True,True,447864,44964,2534040,115839.43562189343,1709663663,19370788,1712197703,19579721,False,91289.26583921979
-19,-16,4,0x38C56C6bDe3EDf87E8EfE1904020A5FA26A3E1b0,0x4e59541306910aD6dC1daC0AC9dFB29bD9F15c67,5.00004359,True,True,1.0,True,True,774852,72000,11504364,164044.2492473301,1699541567,18535107,1711045931,19484832,False,72596.0
-70,-67,2,0x43A455B0f736efF6198206E643A263Fd2F59B4D4,0x4e59541306910aD6dC1daC0AC9dFB29bD9F15c67,0.41764284,True,True,1.0,True,True,280404,14400,1662096,23929.86540530152,1709583119,19364108,1711245215,19501274,False,33447.93368032374
-61,-58,6,0x4Ef7D509e304Cd4ba9e759F9DEE2c4d65D282264,0x4e59541306910aD6dC1daC0AC9dFB29bD9F15c67,0.20348491,True,True,1.0,True,True,835020,345600,2574852,11565.237013505068,1727613311,20856630,1730188163,21069904,False,11898.399428308105
-71,-68,1,0xd9a61C25326Dc9a9D1AE883f5aA9D6c8fdEDdE7F,0x4e59541306910aD6dC1daC0AC9dFB29bD9F15c67,0.05972704,True,True,1.0,True,True,1958388,10310916,14396676,3567.0,1716221039,19912504,1730617715,21105520,False,3001.250007210843
-73,-70,4,0x51009E12818d1379054f47848F930Fa88fB78129,0x4e59541306910aD6dC1daC0AC9dFB29bD9F15c67,0.7302866,True,True,1.0,True,True,2686824,14150424,20604564,42425.55547350366,1709625983,19367660,1730230547,21073422,False,29494.321836728646
-34,-31,1,0x9F9fb5F0EfFd173591Fab67348D5db77389f12cc,0x4e59541306910aD6dC1daC0AC9dFB29bD9F15c67,0.12736314,True,True,1.0,True,True,2923188,1742400,7349700,4925.0,1702098767,18746513,1709448467,19352952,False,5205.673386169938
-50,-47,3,0x9F9fb5F0EfFd173591Fab67348D5db77389f12cc,0x4e59541306910aD6dC1daC0AC9dFB29bD9F15c67,0.14217995,True,True,1.0,True,True,225552,48048,15985944,5205.700900575349,1709449463,19353034,1725435407,20676064,False,2663.5449524479363
-57,-54,19,0xe9fE2Cd3A5469A31EDBdf305Ea5B1De18947Ce7e,0x4e59541306910aD6dC1daC0AC9dFB29bD9F15c67,0.41239103,True,True,1.0,True,True,936000,604800,9297420,21180.731005369988,1714499171,19770004,1723796591,20540271,False,1000.0
-70,-67,1,0x2458F76772938366D36A66c79947f14C128ed1F9,0x4e59541306910aD6dC1daC0AC9dFB29bD9F15c67,0.71759325,True,True,1.0,True,True,1540788,3535764,6618768,42200.0,1716777671,19958585,1723396439,20507087,False,21150.0
-56,-53,2,0x2458F76772938366D36A66c79947f14C128ed1F9,0x4e59541306910aD6dC1daC0AC9dFB29bD9F15c67,1.11807427,True,True,1.0,True,True,729996,14400,4028568,21150.0,1723396439,20507087,1727425007,20841005,False,18600.0
-71,-68,3,0x6b64E10A049C65f68236472C3592516BC969685F,0x4e59541306910aD6dC1daC0AC9dFB29bD9F15c67,2.43530282,True,True,1.0,True,True,346164,43200,1889436,140915.00784888666,1710156203,19411532,1712045639,19567154,False,52647.924836935286
-73,-70,5,0xB1944f0Ef6E1125ca33dfEb793943CA2B8367817,0x4e59541306910aD6dC1daC0AC9dFB29bD9F15c67,2.0261478,True,True,1.0,True,True,691800,302412,5729304,114578.95346693274,1709624999,19367579,1715354303,19840779,False,53924.083674238216
-70,-67,56,0xb3AB63f514C5c252c170c06046df698eFA3e95C8,0x4e59541306910aD6dC1daC0AC9dFB29bD9F15c67,2.65248443,True,True,1.0,True,True,399444,172800,634680,138792.6162587506,1713182567,19661080,1713817247,19713582,False,130100.71421009039
-66,-63,61,0xb3AB63f514C5c252c170c06046df698eFA3e95C8,0x4e59541306910aD6dC1daC0AC9dFB29bD9F15c67,2.7664955,True,True,1.0,True,True,216000,244800,690300,134856.7316227057,1714290755,19752744,1714981055,19809896,False,116619.35370222997
-61,-58,88,0xb3AB63f514C5c252c170c06046df698eFA3e95C8,0x4e59541306910aD6dC1daC0AC9dFB29bD9F15c67,2.47426967,True,True,1.0,True,True,158400,878400,1246092,109497.19117443037,1719817559,20210363,1721063651,20313630,False,91759.50558241241
-47,-44,97,0xb3AB63f514C5c252c170c06046df698eFA3e95C8,0x4e59541306910aD6dC1daC0AC9dFB29bD9F15c67,1.82619899,True,True,1.0,True,True,72000,14400,461160,61825.867821190295,1722771827,20455269,1723232987,20493540,False,53333.021408982284
-73,-70,5,0xd67f04BD8862dA14956BA75Ad1D82bA868677003,0x4e59541306910aD6dC1daC0AC9dFB29bD9F15c67,0.92138273,True,True,1.0,True,True,47640,24360,575556,53850.0,1709639999,19368823,1710215555,19416437,False,54859.02400852797
-61,-58,9,0x823Dafe1FcDd9e36387AFB542497e837c85B50F4,0xA920De414eA4Ab66b97dA1bFE9e6EcA7d4219635,120.0,True,True,1.0,True,True,985896,4964400,6444024,388050.84694105986,1710474767,19437795,1716918791,19970280,False,283128.92804549023
-55,-52,92,0xB221963CAD5856c657647D7126A6Fe6A47CaC773,0xA920De414eA4Ab66b97dA1bFE9e6EcA7d4219635,648.620432297369,True,True,1.0,True,True,208188,360000,730356,393556.91062240384,1711979855,19561719,1712710211,19622059,False,205970.9242559501
-40,-37,103,0xB221963CAD5856c657647D7126A6Fe6A47CaC773,0xA920De414eA4Ab66b97dA1bFE9e6EcA7d4219635,644.5728147328607,True,True,1.0,True,True,230400,489600,838716,135671.47660743052,1731358379,21166952,1732197095,21236520,False,136538.5802688494
-26,-23,3,0x564882C97E2e731c06d2284Dd1f8196B1AeBEE71,0xA920De414eA4Ab66b97dA1bFE9e6EcA7d4219635,104.24650460337091,True,True,1.0,True,True,986220,7007880,22054236,242846.67127314408,1715406575,19845109,1737460811,21672724,False,220800.2627527648
-13,-10,1,0x04af9db0C3FA09e88E0409A46dBE2ce75e6Eaa38,0xA920De414eA4Ab66b97dA1bFE9e6EcA7d4219635,108.2,True,True,1.0,True,True,28800,14400,6755976,221670.0,1716115979,19903805,1722871955,20463581,False,133716.22168315406
-64,-61,18,0x79Fa94427D188C016A6A8fcf6F6C675fDFC6208F,0xA920De414eA4Ab66b97dA1bFE9e6EcA7d4219635,158.5436588107856,True,True,1.0,True,True,1542636,5719908,11314680,525025.864939452,1709648495,19369529,1720963175,20305296,False,40000.0
-61,-58,12,0xa8c76bE1297B81b0CE3874D7E8B4a44F7d1f7E0b,0xA920De414eA4Ab66b97dA1bFE9e6EcA7d4219635,39.774904271157695,True,True,0.8156895723352162,True,True,31656,1596,82008,123820.62840515787,1709664359,19370845,1709746367,19377644,False,119469.68395672122
-28,-25,18,0xa8c76bE1297B81b0CE3874D7E8B4a44F7d1f7E0b,0xA920De414eA4Ab66b97dA1bFE9e6EcA7d4219635,106.5455940100064,True,True,1.0,True,True,460800,7765200,22054176,158621.68882159312,1715406635,19845114,1737460811,21672724,False,148687.26811942647
-63,-60,11,0x37E2cA2f503085B2F1970C23577073D10b88e30B,0xA920De414eA4Ab66b97dA1bFE9e6EcA7d4219635,39.7922396222509,True,True,1.0,True,True,4680,38316,490092,126383.82435693461,1709654615,19370036,1710144707,19410579,False,127395.04560288048
-28,-25,15,0x37E2cA2f503085B2F1970C23577073D10b88e30B,0xA920De414eA4Ab66b97dA1bFE9e6EcA7d4219635,106.59971471326871,True,True,1.0,True,True,460800,7765200,22064052,158706.6350395601,1715396759,19844293,1737460811,21672724,False,148627.6633549513
-43,-40,27,0xc99989c2913BF8Cf1978E6fd7fcDb587a4D3fd3b,0xA920De414eA4Ab66b97dA1bFE9e6EcA7d4219635,132.55348912810055,True,True,1.0,True,True,279696,43200,1730544,399851.10545195855,1733894795,21377172,1735625339,21520569,False,8000.0
-54,-51,6,0x7c0d1a4F9e62A085741DC97379A4eb09d9C45c99,0xA920De414eA4Ab66b97dA1bFE9e6EcA7d4219635,31.192155646723926,True,True,1.0,True,True,180228,2901372,3688008,105594.53715753043,1733772803,21367060,1737460811,21672724,False,90304.97542106919
-54,-51,8,0x20b9Efc68DB884Db2a6f804265f2F6ba611a0F41,0xA920De414eA4Ab66b97dA1bFE9e6EcA7d4219635,16.7,True,True,1.0,True,True,83856,74544,370968,50423.425554527545,1710661223,19453141,1711032191,19483704,False,52479.39582545165
-51,-48,13,0x20b9Efc68DB884Db2a6f804265f2F6ba611a0F41,0xA920De414eA4Ab66b97dA1bFE9e6EcA7d4219635,21.2,True,True,1.0,True,True,259476,3038400,3797064,59787.2086020507,1712661815,19618061,1716458879,19932184,False,59058.21797974551
-38,-35,18,0x20b9Efc68DB884Db2a6f804265f2F6ba611a0F41,0xA920De414eA4Ab66b97dA1bFE9e6EcA7d4219635,24.3,True,True,1.0,True,True,244800,57600,426948,58136.79122321395,1720082423,20232315,1720509371,20267685,False,52741.72186169032
-28,-25,25,0x20b9Efc68DB884Db2a6f804265f2F6ba611a0F41,0xA920De414eA4Ab66b97dA1bFE9e6EcA7d4219635,25.69,True,True,1.0,True,True,473340,7752660,8258004,52501.35574858194,1722783203,20456212,1731041207,21140626,False,45832.380268669134
-39,-36,28,0x20b9Efc68DB884Db2a6f804265f2F6ba611a0F41,0xA920De414eA4Ab66b97dA1bFE9e6EcA7d4219635,25.69,True,True,1.0,True,True,388800,316800,812508,52952.90914905385,1731399383,21170348,1732211891,21237746,False,47815.49641818102
-44,-41,55,0x20b9Efc68DB884Db2a6f804265f2F6ba611a0F41,0xA920De414eA4Ab66b97dA1bFE9e6EcA7d4219635,32.39,True,True,1.0,True,True,78288,14400,150300,69257.91194314414,1734630659,21438170,1734780959,21450623,False,63599.8857548479
-40,-37,11,0xA511940ceA5972d44d3a31a82e474dC45D98B7C5,0xA920De414eA4Ab66b97dA1bFE9e6EcA7d4219635,36.40564665663396,True,True,1.0,True,True,878400,259200,9401664,94458.1866769228,1708792631,19298679,1718194295,20075962,False,81589.77451924948
-33,-30,13,0xA511940ceA5972d44d3a31a82e474dC45D98B7C5,0xA920De414eA4Ab66b97dA1bFE9e6EcA7d4219635,39.40564665663396,True,True,1.0,True,True,273600,8240400,19266396,86189.81849903397,1718194415,20075972,1737460811,21672724,False,81896.36354918247
-54,-49,9,0x2E642ef39a1C211379A3692a5De3E41f1231266d,0xA920De414eA4Ab66b97dA1bFE9e6EcA7d4219635,188.94776413549923,True,True,1.0,True,True,115200,43200,274056,300156.6637832326,1710698639,19456227,1710972695,19478802,False,200357.01334951003
-16,-13,7,0x9Da66DFfc76Da7fecB8A3e00227d7dEBCae322Cc,0xA920De414eA4Ab66b97dA1bFE9e6EcA7d4219635,13.104061378503925,True,True,1.0,True,True,720012,28800,2692992,26447.21276368281,1704800663,18969188,1707493655,19191560,False,27382.87039819874
-30,-27,2,0xBc93d1DbA3DC61c07F3b8e9fEDb5ca67a07ED000,0xA920De414eA4Ab66b97dA1bFE9e6EcA7d4219635,27.425532100882645,True,True,1.0,True,True,331200,7981200,19097508,65500.08006893994,1712140103,19574945,1731237611,21156928,False,64161.503022687124
-29,-25,4,0x5Eae7CDc3A9F357B1Ca1f4918dB664A9E7CD5FF6,0xA920De414eA4Ab66b97dA1bFE9e6EcA7d4219635,15.078325417407587,True,True,1.0,True,True,864000,1872000,3634092,34686.14132397313,1704983879,18984327,1708617971,19284224,False,35877.82204304121
-54,-49,12,0xA510598AD976b1693ad9E7AAD961CC1411b4ee0E,0xA920De414eA4Ab66b97dA1bFE9e6EcA7d4219635,93.61888083414405,True,True,1.0,True,True,115200,43200,273540,164265.93206272804,1710700571,19456387,1710974111,19478920,False,74237.93984795653
-18,-15,1,0x98FED5e0aA0A4B2F7271B3f66C5E244225c01Ebd,0xA920De414eA4Ab66b97dA1bFE9e6EcA7d4219635,5.0,True,True,1.0,True,True,676800,1443600,7042020,11305.0,1727018879,20807311,1734060899,21390936,False,47456.67393968074
-48,-39,12,0x613e7AA6Ed30E3e9cC23A945a6F6163950CbB4C1,0xA920De414eA4Ab66b97dA1bFE9e6EcA7d4219635,16.72636559297599,True,True,1.0,True,True,849600,302400,4507356,47167.185287115506,1716868415,19966105,1721375771,20339519,False,44245.049271573305
-18,-15,10,0xBB482f13749eccabDAA3F923e133C9AbcbbDfAB3,0xA920De414eA4Ab66b97dA1bFE9e6EcA7d4219635,10.0,True,True,1.0,True,True,511512,489600,1311744,20402.324608671744,1701970991,18735975,1703282735,18844244,False,18841.7156159011
-17,-14,11,0xBB482f13749eccabDAA3F923e133C9AbcbbDfAB3,0xA920De414eA4Ab66b97dA1bFE9e6EcA7d4219635,10.0,True,True,1.0,True,True,1883952,247260,5357556,18841.7156159011,1703282735,18844244,1708640291,19286075,False,20025.36001642621
-49,-46,20,0xBB482f13749eccabDAA3F923e133C9AbcbbDfAB3,0xA920De414eA4Ab66b97dA1bFE9e6EcA7d4219635,17.74,True,True,1.0,True,True,93636,7164,2276364,44070.951673244956,1710071087,19404476,1712347451,19592094,False,42665.15728066458
-58,-55,2,0x12aB5625BeA31391a5DD36Ea080f09d776E8BC0c,0xA920De414eA4Ab66b97dA1bFE9e6EcA7d4219635,40.38353161046959,True,True,1.0,True,True,615600,390408,4704024,126870.14123148852,1710756251,19460967,1715460275,19849556,False,8800.0
-32,-29,9,0xA21D2F8c5ee86e2c1f13dD8856b839887024D57F,0xA920De414eA4Ab66b97dA1bFE9e6EcA7d4219635,15.31,True,True,1.0,True,True,223968,8226000,14751612,38078.87994934651,1716390983,19926553,1731142595,21149042,False,36812.57657550425
-62,-59,2,0x2eC3cc352797D4F2AE30414470277C22C2a023FF,0xA920De414eA4Ab66b97dA1bFE9e6EcA7d4219635,9.173868814737382,True,True,1.0,True,True,597408,3983328,21589740,29779.914207280948,1709647871,19369478,1731237611,21156928,False,22135.0
-29,-26,1,0xb820Fd41dbFEd079Ea2F612399361E5033Dd7af7,0xA920De414eA4Ab66b97dA1bFE9e6EcA7d4219635,46.27977490749453,True,True,1.0,True,True,415392,7825008,10323372,114500.78315997357,1721555675,20354445,1731879047,21210128,False,48122.313660648695
-46,-43,3,0x074157bAdac83C05eC9C5A2EBc69dEC673d64c2a,0xA920De414eA4Ab66b97dA1bFE9e6EcA7d4219635,7.502951832738483,True,True,1.0,True,True,561600,705600,1484388,23514.61898074211,1734450995,21423293,1735935383,21546284,False,18516.32617657308
-65,-62,3,0x4B07EfB8e0DAFCe229A83707100C09a350CAe6a7,0xA920De414eA4Ab66b97dA1bFE9e6EcA7d4219635,7.429693549814578,True,True,1.0,True,True,1094400,6751188,9423792,24134.762304692096,1709836967,19385154,1719260759,20164214,False,2325.0
-46,-43,4,0x4B07EfB8e0DAFCe229A83707100C09a350CAe6a7,0xA920De414eA4Ab66b97dA1bFE9e6EcA7d4219635,8.229693549814579,True,True,1.0,True,True,633732,2500212,15397824,2325.0,1719260759,20164214,1734658583,21440489,False,22685.0
-62,-59,5,0x329a4D6A24bDA8baD2D54CA18034C553eA188631,0xA920De414eA4Ab66b97dA1bFE9e6EcA7d4219635,5.630518034271198,True,True,1.0,True,True,115200,40716,1042116,18106.94833169724,1709625863,19367650,1710667979,19453700,False,27010.0
-51,-48,6,0x329a4D6A24bDA8baD2D54CA18034C553eA188631,0xA920De414eA4Ab66b97dA1bFE9e6EcA7d4219635,14.859677121745237,True,True,1.0,True,True,61776,27588,11838156,27010.0,1710667979,19453700,1722506135,20433236,False,3542.0
-28,-25,1,0xBBD662983110BccEfa051bE784b5a74a2cf389C5,0xA920De414eA4Ab66b97dA1bFE9e6EcA7d4219635,6.060153882548878,True,True,1.0,True,True,460800,7765200,9657264,14846.0,1721584295,20356818,1731241559,21157256,False,12551.947724641564
-48,-45,14,0x61BA55Ecc000138E312eD67995fFc1E754a8F0b6,0xA920De414eA4Ab66b97dA1bFE9e6EcA7d4219635,9.395250473776274,True,True,1.0,True,True,792000,2419200,7424616,26133.878220726485,1710835871,19467522,1718260487,20081446,False,21711.14639860155
-57,-54,9,0x94458C05De07BB7a86C88EebE4a5cfaB5f9E813d,0xA920De414eA4Ab66b97dA1bFE9e6EcA7d4219635,30.296382674199847,True,True,1.0,True,True,500400,3801600,5117208,47465.106994573514,1711631927,19532858,1716749135,19956226,False,44557.773159337994
-27,-18,2,0x6Ab62eB0B072ed73F977775AAfcffA916DE71D30,0xA920De414eA4Ab66b97dA1bFE9e6EcA7d4219635,5.768176480227298,True,True,1.0,True,True,1454568,273432,13619916,13016.715601445287,1710912071,19473798,1724531987,20601197,False,9579.160105946154
-50,-11,4,0x85436c1C41A71e5E939D3CD33B1eE6Cc6bDaAa5C,0xA920De414eA4Ab66b97dA1bFE9e6EcA7d4219635,5.2,True,True,1.0,True,True,18711528,874452,26629200,12792.326069003979,1710831611,19467169,1737460811,21672724,False,9519.345932463862
-55,-52,2,0x2C5A3787c24A55326A3402E9e820FF38485ba20E,0xA920De414eA4Ab66b97dA1bFE9e6EcA7d4219635,9.62497572378357,True,True,1.0,True,True,547200,2943732,4801116,29537.068513914346,1710659903,19453032,1715461019,19849618,False,5976.0
-28,-25,7,0x2C5A3787c24A55326A3402E9e820FF38485ba20E,0xA920De414eA4Ab66b97dA1bFE9e6EcA7d4219635,13.569184953111401,True,True,1.0,True,True,460800,7765200,18719004,9559.322920689727,1718741807,20121266,1737460811,21672724,False,8965.578139361573
-56,-53,5,0x093BC4737a27e52c0c63742d53a0671e3661A55d,0xA920De414eA4Ab66b97dA1bFE9e6EcA7d4219635,9.198506296261606,True,True,1.0,True,True,463776,541908,3876492,28541.546768864737,1711392359,19513347,1715268851,19833711,False,12000.0
-35,-31,7,0xC066A5e56a523894dC88c61D7848afd2352b362A,0xA920De414eA4Ab66b97dA1bFE9e6EcA7d4219635,1.4464555500377525,True,True,0.981184590631728,True,True,86400,14400,1053192,4035.7910633810884,1736407619,21585425,1737460811,21672724,False,4042.135876324732
0,3,1,0x3f661B36CaCaDEE06D3131aA11906814D7ba4627,0xA920De414eA4Ab66b97dA1bFE9e6EcA7d4219635,1.2618985815701456,True,True,1.0,True,True,3447180,7462800,49674780,2129.1041406880845,1687786031,17564187,1737460811,21672724,False,2009.3525994712484
-5,-2,9,0x653aED4503e3a3F060C744fE85DC780CE549D3C3,0xA920De414eA4Ab66b97dA1bFE9e6EcA7d4219635,61.523129248986045,True,True,1.0,True,True,544476,17124,1831440,105745.68631005229,1699785059,18555251,1701616499,18706688,False,105328.16515413039
-18,-15,13,0x653aED4503e3a3F060C744fE85DC780CE549D3C3,0xA920De414eA4Ab66b97dA1bFE9e6EcA7d4219635,64.52312924898605,True,True,1.0,True,True,511836,489600,1315320,118344.82686542187,1701967739,18735705,1703283059,18844270,False,109290.24730330003
-17,-14,14,0x653aED4503e3a3F060C744fE85DC780CE549D3C3,0xA920De414eA4Ab66b97dA1bFE9e6EcA7d4219635,64.52312924898605,True,True,1.0,True,True,534396,14400,6221412,109290.24730330003,1703283059,18844270,1709504471,19357586,False,132000.0
-57,-54,25,0x653aED4503e3a3F060C744fE85DC780CE549D3C3,0xA920De414eA4Ab66b97dA1bFE9e6EcA7d4219635,108.22101166715157,True,True,1.0,True,True,95544,144000,317916,212462.01373102443,1710701087,19456430,1711019003,19482621,False,194020.58743681406
-55,-52,33,0x653aED4503e3a3F060C744fE85DC780CE549D3C3,0xA920De414eA4Ab66b97dA1bFE9e6EcA7d4219635,129.52101166715158,True,True,1.0,True,True,230400,367452,23848260,265614.38357606635,1711789571,19545773,1735637831,21521606,False,2000.0
-19,-16,10,0xA4593D1177Fc68cAC7B0A9c9cE1785342Eeb1cfb,0xA920De414eA4Ab66b97dA1bFE9e6EcA7d4219635,5.0,True,True,1.0,True,True,821148,835200,6453576,10304.89639508789,1701969191,18735825,1708422767,19268151,False,800.0
-20,-17,2,0x1d04Cd3BC5C9EDA103D7Feb2DB72350dB612E99a,0xA920De414eA4Ab66b97dA1bFE9e6EcA7d4219635,1.7441627638216406,True,True,1.0,True,True,806280,1933200,10044552,3835.0,1727416259,20840279,1737460811,21672724,False,0.0644307267918172
-42,-33,1,0xce1A34FccB14D13f8F6b6dCB0f3Df2d140618C16,0xEC0820EfafC41D8943EE8dE495fC9Ba8495B15cf,24.842423320898845,True,True,1.0,True,True,1454388,1152012,2920992,58814.46241943907,1704932639,18980097,1707853631,19221251,False,53299.98234299374
-55,-44,3,0xce1A34FccB14D13f8F6b6dCB0f3Df2d140618C16,0x1C91da0223c763d2e0173243eAdaA0A2ea47E704,8.524413985424063,True,True,1.0,True,True,2088000,374400,3000744,325593.79884473234,1704932171,18980058,1707932915,19227786,False,329720.2198446195
-31,-28,11,0x2F0126966657563C4a376cE43ba43891d7537A32,0x1C91da0223c763d2e0173243eAdaA0A2ea47E704,3.0514180531743302,True,True,0.9999999315835193,True,True,547200,14400,578328,91562.5347916123,1698895283,18481695,1699473611,18529484,False,87804.20409269723
